{
  "video_source": "20260720_201607.mp4",
  "image_size": [
    1280,
    720
  ],
  "fx": 863.06517656767,
  "fy": 867.8305810826505,
  "cx": 599.1261750297293,
  "cy": 373.1161522274256,
  "camera_matrix": [
    [
      863.06517656767,
      0.0,
      599.1261750297293
    ],
    [
      0.0,
      867.8305810826505,
      373.1161522274256
    ],
    [
      0.0,
      0.0,
      1.0
    ]
  ],
  "dist_coeffs": [
    0.11285993481067633,
    -0.25907927092776384,
    0.0035801345070903454,
    -0.00982372487505138,
    0.16773751903212347
  ],
  "dist_coeffs_labels": [
    "k1",
    "k2",
    "p1",
    "p2",
    "k3"
  ],
  "rms_reprojection_error": 0.26817658685697887,
  "num_views_used": 27,
  "calibration_method": "matchImagePoints + calibrateCamera",
  "opencv_version": "5.0.0",
  "coverage_grid_3x3": [
    [
      34,
      43,
      254
    ],
    [
      32,
      50,
      348
    ],
    [
      0,
      0,
      113
    ]
  ],
  "tilt_max_deg": 61.22439759131016,
  "normal_concentration": 0.89638151648681,
  "_capture_note": "K valido apenas para 1280x720, mesmo zoom/foco/estabilizacao do video. Galaxy A54, modo video pro, foco 0.6, zoom 1x, estabilizacao OFF.",
  "config_used": {
    "_comment": "Definicao do tabuleiro ChArUco gerada por generate_charuco.py. IMPORTANTE: apos imprimir a 100%, MECA com regua/paquimetro o lado real de um quadrado e atualize 'square_length_m' e 'marker_length_m' com os valores MEDIDOS antes de calibrar. A precisao da calibracao depende disso.",
    "dictionary_name": "DICT_4X4_50",
    "dictionary_id": 0,
    "squaresX": 7,
    "squaresY": 10,
    "square_length_m": 0.025,
    "marker_length_m": 0.018,
    "_nominal_square_length_mm": 25.0,
    "_nominal_marker_length_mm": 18.0,
    "_adjusted_to_fit_A4": false,
    "_dpi": 300,
    "_opencv_version": "4.13.0",
    "_measured_after_print": false
  }
}